{"radar": {"T_from_r_to_l": [3.17, 0.4, -1.64], "R_from_r_to_l": [[0.9999595002733742, 0.008999878500492074, 0.0], [-0.008999878500492074, 0.9999595002733742, -0.0], [-0.0, 0.0, 1.0]]}, "cam": {"601": {"E": [[1.0, 0.0, 0.0, 0.0], [0.0, 1.0, 0.0, 0.0], [0.0, 0.0, 1.0, 0.0], [0.0, 0.0, 0.0, 1.0]], "f": 1951.3419549999999, "fx": 1952.0525, "fy": 1950.63141, "distort": [-0.390035052, 0.685186191, 0.00322989088, 0.00102017567], "height": 800, "width": 1280, "displacement_from_l_to_c_in_lidar_frame": [-0.522, 0.2925, 0.273], "KK": [[1952.0525, 0.0, 654.927553], [0.0, 1950.63141, 401.883041], [0.0, 0.0, 1.0]], "R_to_c_from_l_in_camera_frame": [[0.999936876205618, 0.009362470846471875, -0.006211903395868391], [-0.009499686107896588, 0.9997030548044135, -0.022440102017931885], [0.0059999640000648, 0.022497696645939525, 0.9997288902885748]], "R_to_c_from_i": [[-1, 0, 0], [0, 0, -1], [0, -1, 0]], "cv": 401.883041, "cu": 654.927553}, "604": {"E": [[1.0, 0.0, 0.0, 0.0], [0.0, 1.0, 0.0, 0.0], [0.0, 0.0, 1.0, 0.0], [0.0, 0.0, 0.0, 1.0]], "f": 1951.3419549999999, "fx": 1952.0525, "fy": 1950.63141, "distort": [-0.390035052, 0.685186191, 0.00322989088, 0.00102017567], "height": 800, "width": 1280, "displacement_from_l_to_c_in_lidar_frame": [-0.522, -0.2925, 0.273], "KK": [[1952.0525, 0.0, 654.927553], [0.0, 1950.63141, 401.883041], [0.0, 0.0, 1.0]], "R_to_c_from_l_in_camera_frame": [[0.9999338757287494, -0.00028746371674200533, -0.01149615303888763], [0.0, 0.9996875162757026, -0.024997395914712332], [0.01149974652250946, 0.02499574298012431, 0.9996214126672105]], "R_to_c_from_i": [[-1, 0, 0], [0, 0, -1], [0, -1, 0]], "cv": 401.883041, "cu": 654.927553}}, "lidar": {"height": 2.0, "T_from_l_to_i": [[0.9997573144891262, -0.016497492863721895, 0.01459948131619483, 0.0], [0.01706979774758842, 0.9990544609810262, -0.03998507219910446, 0.0], [-0.013926023493693459, 0.04022457859471763, 0.9990936138052983, 0.0], [0.0, 0.0, 0.0, 1.0]], "R_from_i_to_l": [[0.9997573144891262, 0.01706979774758842, -0.013926023493693459], [-0.016497492863721895, 0.9990544609810262, 0.04022457859471763], [0.01459948131619483, -0.03998507219910446, 0.9990936138052983]]}}
