{"radar": {"T_from_r_to_l": [3.17, 0.4, -1.64], "R_from_r_to_l": [[0.9999595002733742, 0.008999878500492074, 0.0], [-0.008999878500492074, 0.9999595002733742, -0.0], [-0.0, 0.0, 1.0]]}, "cam": [{"E_R": [[0.9999355343485463, -0.00932576944123699, 0.006477435558612815], [0.009223923954826548, 0.9998360945238545, 0.015578938158992275], [-0.006621659456863392, -0.01551818647957998, 0.9998576596268203]], "E": [[0.9999355343485463, 0.009223923954826548, -0.006621659456863392, 0.587928191510199], [-0.00932576944123699, 0.9998360945238545, -0.01551818647957998, -0.004215086775696098], [0.006477435558612815, 0.015578938158992275, 0.9998576596268203, -0.08540852512678994], [0.0, 0.0, 0.0, 1.0]], "E_t": [[-0.5873763710461054], [0.00012196510170337307], [0.08922401781210791]], "fx": 2254.76, "fy": 2266.3, "f": 2260.53, "distort": [-0.22146000368016028, 0.7987879799679538, -6.542034918087567e-05, 2.8680581938024014e-05, 0.0], "height": 960, "width": 1280, "displacement_from_l_to_c_in_lidar_frame": [-0.5, 0.31, 0.34], "KK": [[2254.76, 0.0, 655.55], [0.0, 2266.3, 488.85], [0.0, 0.0, 1.0]], "R_to_c_from_l_in_camera_frame": [[0.9994945331862628, -0.016479038561672085, 0.02718675079625524], [0.017624024274982678, 0.998944074088802, -0.04242794611126783], [-0.02645887184158807, 0.04288564014852466, 0.9987295679862099]], "R_to_c_from_i": [[-1, 0, 0], [0, 0, -1], [0, -1, 0]], "cv": 488.85, "cu": 655.55}, {"E": [[1.0, 0.0, 0.0, 0.0], [0.0, 1.0, 0.0, 0.0], [0.0, 0.0, 1.0, 0.0], [0.0, 0.0, 0.0, 1.0]], "f": 2257.2349999999997, "fx": 2250.72, "fy": 2263.75, "distort": [-0.16879238412882028, 0.11971166628565273, -0.0017457365846050555, 0.0001853749033525837, 0.0], "height": 960, "width": 1280, "displacement_from_l_to_c_in_lidar_frame": [-0.5, 0.31, 0.34], "KK": [[2250.72, 0.0, 648.95], [0.0, 2263.75, 450.24], [0.0, 0.0, 1.0]], "R_to_c_from_l_in_camera_frame": [[0.9994945331862628, -0.016479038561672085, 0.02718675079625524], [0.017624024274982678, 0.998944074088802, -0.04242794611126783], [-0.02645887184158807, 0.04288564014852466, 0.9987295679862099]], "R_to_c_from_i": [[-1, 0, 0], [0, 0, -1], [0, -1, 0]], "cv": 450.24, "cu": 648.95}, {"E": [[1.0, 0.0, 0.0, 0.0], [0.0, 1.0, 0.0, 0.0], [0.0, 0.0, 1.0, 0.0], [0.0, 0.0, 0.0, 1.0]], "f": 671.747872, "fx": 669.688574, "fy": 673.80717, "distort": [-0.006067, 0.001167, 0.000275, 0.000828, 0.0], "height": 1040, "width": 2080, "displacement_from_l_to_c_in_lidar_frame": [-0.53, 0.0, 0.4], "KK": [[669.688574, 0.0, 996.12108], [0.0, 673.80717, 529.947832], [0.0, 0.0, 1.0]], "R_to_c_from_l_in_camera_frame": [[0.9982005399352042, -0.00029981878314864954, 0.05996325693092516], [0.0, 0.9999875000260416, 0.004999979166692708], [-0.059964006479444595, -0.004990981903857434, 0.9981880624544498]], "R_to_c_from_i": [[-1, 0, 0], [0, 0, -1], [0, -1, 0]], "cv": 529.947832, "cu": 996.12108}, {"E": [[1.0, 0.0, 0.0, 0.0], [0.0, 1.0, 0.0, 0.0], [0.0, 0.0, 1.0, 0.0], [0.0, 0.0, 0.0, 1.0]], "f": 671.747872, "fx": 669.688574, "fy": 673.80717, "distort": [-0.006067, 0.001167, 0.000275, 0.000828, 0.0], "height": 1040, "width": 2080, "displacement_from_l_to_c_in_lidar_frame": [0.0, -0.762, 0.4], "KK": [[669.688574, 0.0, 996.12108], [0.0, 673.80717, 529.947832], [0.0, 0.0, 1.0]], "R_to_c_from_l_in_camera_frame": [[-0.0038035674995551363, 0.009991834534091333, 0.9999428464251943], [0.04002901733928231, 0.9991501470719768, -0.009831651788911372], [-0.9991912783071756, 0.03998933418663416, -0.004200298344395087]], "R_to_c_from_i": [[-1, 0, 0], [0, 0, -1], [0, -1, 0]], "cv": 529.947832, "cu": 996.12108}, {"E": [[1.0, 0.0, 0.0, 0.0], [0.0, 1.0, 0.0, 0.0], [0.0, 0.0, 1.0, 0.0], [0.0, 0.0, 0.0, 1.0]], "f": 671.747872, "fx": 669.688574, "fy": 673.80717, "distort": [-0.006067, 0.001167, 0.000275, 0.000828, 0.0], "height": 1040, "width": 2080, "displacement_from_l_to_c_in_lidar_frame": [0.0, 0.67, 0.4], "KK": [[669.688574, 0.0, 996.12108], [0.0, 673.80717, 529.947832], [0.0, 0.0, 1.0]], "R_to_c_from_l_in_camera_frame": [[0.0013959167754492578, -0.009981839033427217, -0.9999492058629113], [-0.05995302615799177, 0.9981506303241229, -0.010047578716052913], [0.9982002234375903, 0.059964006479444595, 0.0007948937526187686]], "R_to_c_from_i": [[-1, 0, 0], [0, 0, -1], [0, -1, 0]], "cv": 529.947832, "cu": 996.12108}, {"E": [[1.0, 0.0, 0.0, 0.0], [0.0, 1.0, 0.0, 0.0], [0.0, 0.0, 1.0, 0.0], [0.0, 0.0, 0.0, 1.0]], "f": 671.747872, "fx": 669.688574, "fy": 673.80717, "distort": [-0.006067, 0.001167, 0.000275, 0.000828, 0.0], "height": 1040, "width": 2080, "displacement_from_l_to_c_in_lidar_frame": [0.5, 0.0, 0.4], "KK": [[669.688574, 0.0, 996.12108], [0.0, 673.80717, 529.947832], [0.0, 0.0, 1.0]], "R_to_c_from_l_in_camera_frame": [[-0.9999862317694345, -0.004991953535221311, 0.0016176128921630787], [-0.004999972825356828, 0.9999750400243237, -0.004991953535221311], [-0.0015926529164868282, -0.004999972825356828, -0.9999862317694345]], "R_to_c_from_i": [[-1, 0, 0], [0, 0, -1], [0, -1, 0]], "cv": 529.947832, "cu": 996.12108}], "lidar": {"T_from_l_to_i": [[0.9997573144891262, -0.016497492863721895, 0.01459948131619483, 0.0], [0.01706979774758842, 0.9990544609810262, -0.03998507219910446, 0.0], [-0.013926023493693459, 0.04022457859471763, 0.9990936138052983, 0.0], [0.0, 0.0, 0.0, 1.0]], "R_from_i_to_l": [[0.9997573144891262, 0.01706979774758842, -0.013926023493693459], [-0.016497492863721895, 0.9990544609810262, 0.04022457859471763], [0.01459948131619483, -0.03998507219910446, 0.9990936138052983]]}}
