{"public/runs/4-10-14-pleasanton/237_b": {"recall": 0.825173611111111, "precision": 0.8425347222222215}, "public/runs/4-3-14-gilroy/to_gilroy_e": {"recall": 0.8419353505291063, "precision": 0.9504194012006588}, "public/runs/4-10-14-pleasanton/101n_a": {"recall": 0.8528974851023479, "precision": 0.8731785447063248}, "public/runs/4-10-14-pleasanton/238_a": {"recall": 0.8861751057063537, "precision": 0.8766950618513099}, "public/runs/4-10-14-pleasanton/680s_b": {"recall": 0.9100669642857189, "precision": 0.8517452050264562}}